document,cluster_kmeans,cluster_hdbscan,silhouette
機械学習の基礎についての解説記事です。,1,-1,-0.03785326
深層学習とニューラルネットワークの比較,3,1,0.11470239
自然言語処理の歴史と応用,0,-1,-0.042228576
画像分類のアルゴリズム解説,0,-1,0.008970577
ビジネスにおけるAIの活用事例,2,-1,0.18746021
統計解析と確率モデル,1,0,0.099280365
Pythonでのデータ分析入門,1,0,0.017818877
クラスタリング手法の比較と実装,0,1,0.015892265
文章ベクトルの生成方法,0,-1,-0.0054389113
PCAと次元削減の理論,1,-1,0.011849146
転移学習とファインチューニング,3,-1,0.052871365
GANによる画像生成技術,1,-1,-0.008373718
強化学習の基本概念,3,-1,0.07188564
時系列データ分析の手法,1,0,0.061332457
異常検知アルゴリズムの比較,0,1,0.022570206
推薦システムの構築方法,0,-1,-0.03956266
グラフニューラルネットワーク入門,3,0,0.061590526
因果推論とその応用,1,-1,0.007989108
メタ学習とfew-shot学習,1,-1,-0.038244504
説明可能AIの重要性,2,-1,0.1556276
